security_id,entity_id,market,primary_theme,gate_status
TER,E_TER,US,AI_ROBOTICS,CANDIDATE
ANET,E_ANET,US,AI_ROBOTICS,CANDIDATE
ALAB,E_ALAB,US,AI_ROBOTICS,CANDIDATE
GEV,E_GEV,US,ENERGY_POWER,CANDIDATE
ETN,E_ETN,US,ENERGY_POWER,CANDIDATE
APH,E_APH,US,ENERGY_POWER,CANDIDATE
SPCX,E_SPCX,US,SPACE_DEFENSE,CANDIDATE
KTOS,E_KTOS,US,SPACE_DEFENSE,CANDIDATE
ATI,E_ATI,US,SPACE_DEFENSE,CANDIDATE
